filename,boundary
abalone9-18_1,0.0860324294382758
abalone9-18_2,0.103471502590674
abalone9-18_3,0.149454762680569
abalone9-18_4,0.150789473684211
abalone9-18_5,0.174408602150538
abalone9-18_6,0.182144007361399
abalone9-18_7,0.2
