filename,boundary
abalone19_4,0.186666666666667
abalone19_5,0.202372372372372
abalone19_7,0.23125116713352
abalone19_1,0.017944936086529
abalone19_6,0.218294866497452
abalone19_3,0.158909810954196
abalone19_2,0.127446419427986
