filename,boundary
bank75_12,0.190923520923521
bank75_13,0.213333333333333
bank75_11,0.133333333333333
bank75_9,0.0933333333333333
bank75_2,0.00333333333333333
bank75_3,0.0143036616046984
bank75_8,0.08
bank75_6,0.0633333333333333
bank75_10,0.12
bank75_15,0.327777777777778
bank75_14,0.27
bank75_4,0.0297491039426523
bank75_5,0.0497808358817533
bank75_1,0.000202020202020202
bank75_7,0.07
