filename,boundary
magic61_3,0.0930002598100284
magic61_1,0.043423156050825
magic61_8,0.193611618931546
magic61_4,0.0937142857142857
magic61_2,0.0818420921295603
magic61_6,0.11337336619143
magic61_5,0.0971335387961806
magic61_7,0.123448195622641
magic61_9,0.286747278223015
