filename,boundary
yeast6_41_7,0.406229712858926
yeast6_41_3,0.15070323488045
yeast6_41_6,0.209444444444444
yeast6_41_1,0
yeast6_41_2,0.00333333333333333
yeast6_41_4,0.190913242009132
yeast6_41_5,0.201111111111111
