filename,boundary
pageBlocks0_8_5,0.0100885568008856
pageBlocks0_8_2,0.00510819724757191
pageBlocks0_8_7,0.0545441146863698
pageBlocks0_8_8,0.0875503984997656
pageBlocks0_8_9,0.198609334280976
pageBlocks0_8_1,0
pageBlocks0_8_3,0.00531506609589963
pageBlocks0_8_4,0.00825425043479936
pageBlocks0_8_6,0.052657185369736
