filename,boundary
german_13,0.04
german_14,0.0461111111111112
german_16,0.0533333333333333
german_2,0
german_7,0.0116666666666668
german_9,0.0133333333333333
german_11,0.0333333333333333
german_18,0.0966666666666667
german_2,0
german_3,0.00333333333333333
german_19,0.11
german_17,0.0627777777777776
german_13,0.04
german_6,0.01
german_11,0.0333333333333333
german_9,0.0133333333333333
german_6,0.01
german_15,0.0466666666666667
german_4,0.00666666666666667
